<?xml version="1.0" encoding="UTF-8"?>
<sltp_editor version="1.1" packageUris="http://schema.mathworks.com/mf0/DiagramEditor/R2019a_20181107 http://schema.mathworks.com/mf0/SltpSyntax/R2023a_202207220222">
  <diagram.editor.model.Diagram type="diagram.editor.model.Diagram" uuid="7046de32-678c-445f-8b12-bc9814811d25">
    <entities type="diagram.editor.model.Entity" uuid="9cee7720-bc8e-43de-aee4-19dcac84ccb7">
      <position>0,0</position>
      <size>0,0,0,0</size>
      <syntaxElement type="sltp.mm.syntax.Node" uuid="c908703c-ef63-4d6a-85fb-d04a0f67e15c"/>
      <title>Cont</title>
      <type>base</type>
      <subDiagram type="diagram.editor.model.Diagram" uuid="144d6d34-2630-43b4-9d18-fff93c81aceb">
        <position>0,0</position>
        <syntaxElement type="sltp.mm.syntax.Graph" uuid="09495d60-16f4-4f6a-838f-113e5ec1846c"/>
        <title>Cont</title>
        <type>graph.Graph</type>
      </subDiagram>
    </entities>
    <syntaxElement type="sltp.mm.syntax.Graph" uuid="9d6ad5d9-9358-465d-9436-18edc3385aee"/>
    <title>Default</title>
    <type>graph.Graph</type>
  </diagram.editor.model.Diagram>
  <sltp.mm.syntax.Context type="sltp.mm.syntax.Context" uuid="ca75a3b9-166a-4c06-96c0-b1ca29747c73">
    <rootGraph type="sltp.mm.syntax.Graph" uuid="9d6ad5d9-9358-465d-9436-18edc3385aee">
      <children type="sltp.mm.syntax.Node" uuid="c908703c-ef63-4d6a-85fb-d04a0f67e15c">
        <priority>40</priority>
        <rates type="sltp.mm.syntax.RateData">
          <color>#000000</color>
          <hasBlocks>true</hasBlocks>
          <rate>0</rate>
          <title>Cont</title>
        </rates>
        <title>Cont</title>
        <type>base</type>
        <diagramElement type="diagram.editor.model.Entity" uuid="9cee7720-bc8e-43de-aee4-19dcac84ccb7"/>
        <subgraph type="sltp.mm.syntax.Graph" uuid="09495d60-16f4-4f6a-838f-113e5ec1846c">
          <title>Cont</title>
          <diagramElement type="diagram.editor.model.Diagram" uuid="144d6d34-2630-43b4-9d18-fff93c81aceb"/>
        </subgraph>
      </children>
      <title>Default</title>
      <diagramElement type="diagram.editor.model.Diagram" uuid="7046de32-678c-445f-8b12-bc9814811d25"/>
    </rootGraph>
  </sltp.mm.syntax.Context>
</sltp_editor>