<?xml version="1.0" encoding="UTF-8"?>
<sltp_graph version="1.1" packageUris="http://schema.mathworks.com/mf0/sltp_mm/R2023a_202209151115">
  <sltp.mm.core.Context type="sltp.mm.core.Context" uuid="1d6a31f4-e652-42d7-bea8-25562dc3f83f">
    <priorityDirection>HighNumberLast</priorityDirection>
    <defaultEventBehavior type="sltp.mm.core.EventBehavior" uuid="7b5710e7-221c-477d-a9f8-b9f8ec4e2851"/>
    <editorState type="sltp.mm.core.EditorState" uuid="3429ef35-ff8f-40e9-9e53-88ef0319603d">
      <isSynchronized>true</isSynchronized>
      <panelState type="sltp.mm.core.EditorPanelState" uuid="4d0a93cc-e9a0-4489-8f2d-c729ee71b0ac"/>
    </editorState>
    <rootTask type="sltp.mm.core.Task" uuid="3bfba3c7-23b8-4bf1-9897-c169765356b5">
      <context type="sltp.mm.core.Context" uuid="1d6a31f4-e652-42d7-bea8-25562dc3f83f"/>
      <explicit>false</explicit>
      <name>Default</name>
      <priority>-2147483648</priority>
      <subgraph type="sltp.mm.core.Graph" uuid="644c7209-ef85-40c0-a15a-f1171ec31edd">
        <tasks type="sltp.mm.core.Task" uuid="fcb042ba-b3c6-451e-94a9-ba8185a2f438">
          <baseTask>true</baseTask>
          <context type="sltp.mm.core.Context" uuid="1d6a31f4-e652-42d7-bea8-25562dc3f83f"/>
          <explicit>false</explicit>
          <id>1</id>
          <isTimed>true</isTimed>
          <name>Cont</name>
          <priority>40</priority>
          <rates type="sltp.mm.core.Rate" uuid="e0d9469a-d495-4a14-adb7-292603d15116">
            <annotation>Cont</annotation>
            <color>255</color>
            <hasBlocks>true</hasBlocks>
            <identifier>Continuous00</identifier>
            <rateIndex>0</rateIndex>
            <rateSpec type="sltp.mm.core.RateSpec">
              <period>0.0</period>
            </rateSpec>
            <sti>0</sti>
          </rates>
        </tasks>
      </subgraph>
    </rootTask>
  </sltp.mm.core.Context>
</sltp_graph>