<?xml version="1.0" encoding="utf-8"?>
<System>
  <P Name="Location">[362, 297, 1642, 1189]</P>
  <P Name="ZoomFactor">191</P>
  <Block BlockType="Inport" Name="x" SID="106">
    <P Name="Position">[-255, 103, -225, 117]</P>
    <P Name="ZOrder">-1</P>
  </Block>
  <Block BlockType="Sum" Name="Add" SID="107">
    <PortCounts in="2" out="1"/>
    <P Name="Position">[120, 97, 150, 128]</P>
    <P Name="ZOrder">3</P>
    <P Name="IconShape">rectangular</P>
  </Block>
  <Block BlockType="Sum" Name="Add1" SID="108">
    <PortCounts in="2" out="1"/>
    <P Name="Position">[-140, 102, -110, 133]</P>
    <P Name="ZOrder">4</P>
    <P Name="IconShape">rectangular</P>
    <P Name="Inputs">+-</P>
  </Block>
  <Block BlockType="Constant" Name="Constant" SID="109">
    <P Name="Position">[-255, -5, -225, 25]</P>
    <P Name="ZOrder">1</P>
    <P Name="Value">ue</P>
  </Block>
  <Block BlockType="Constant" Name="Constant1" SID="110">
    <P Name="Position">[-255, 170, -225, 200]</P>
    <P Name="ZOrder">5</P>
    <P Name="Value">xe</P>
  </Block>
  <Block BlockType="Gain" Name="Gain" SID="111">
    <P Name="Position">[-15, 105, 15, 135]</P>
    <P Name="ZOrder">2</P>
    <P Name="Gain">K</P>
    <P Name="Multiplication">Matrix(K*u)</P>
  </Block>
  <Block BlockType="Outport" Name="u" SID="112">
    <P Name="Position">[245, 108, 275, 122]</P>
    <P Name="ZOrder">-2</P>
  </Block>
  <Line>
    <P Name="ZOrder">1</P>
    <P Name="Src">106#out:1</P>
    <P Name="Dst">108#in:1</P>
  </Line>
  <Line>
    <P Name="ZOrder">2</P>
    <P Name="Src">110#out:1</P>
    <P Name="Points">[37, 0; 0, -60]</P>
    <P Name="Dst">108#in:2</P>
  </Line>
  <Line>
    <P Name="ZOrder">3</P>
    <P Name="Src">108#out:1</P>
    <P Name="Dst">111#in:1</P>
  </Line>
  <Line>
    <P Name="ZOrder">4</P>
    <P Name="Src">109#out:1</P>
    <P Name="Points">[288, 0; 0, 95]</P>
    <P Name="Dst">107#in:1</P>
  </Line>
  <Line>
    <P Name="ZOrder">5</P>
    <P Name="Src">111#out:1</P>
    <P Name="Dst">107#in:2</P>
  </Line>
  <Line>
    <P Name="ZOrder">6</P>
    <P Name="Src">107#out:1</P>
    <P Name="Dst">112#in:1</P>
  </Line>
</System>
