<?xml version="1.0" encoding="utf-8"?>
<System>
  <P Name="Location">[86, 38, 1299, 930]</P>
  <Block BlockType="Inport" Name="y" SID="27">
    <P Name="Position">[0, 103, 30, 117]</P>
    <P Name="ZOrder">-1</P>
  </Block>
  <Block BlockType="Integrator" Name="Integrator" SID="32">
    <PortCounts in="1" out="1"/>
    <P Name="Position">[130, 94, 160, 126]</P>
    <P Name="ZOrder">1</P>
    <P Name="InitialCondition">x0(1)</P>
  </Block>
  <Block BlockType="Mux" Name="Mux" SID="34">
    <PortCounts in="2" out="1"/>
    <P Name="Position">[220, 93, 230, 162]</P>
    <P Name="ZOrder">2</P>
    <P Name="Inputs">2</P>
    <P Name="DisplayOption">bar</P>
  </Block>
  <Block BlockType="Outport" Name="x_prédit" SID="28">
    <P Name="Position">[360, 123, 390, 137]</P>
    <P Name="ZOrder">-2</P>
  </Block>
  <Line>
    <P Name="ZOrder">3</P>
    <P Name="Src">27#out:1</P>
    <P Name="Points">[33, 0]</P>
    <Branch>
      <P Name="ZOrder">8</P>
      <P Name="Points">[0, 35]</P>
      <P Name="Dst">34#in:2</P>
    </Branch>
    <Branch>
      <P Name="ZOrder">7</P>
      <P Name="Dst">32#in:1</P>
    </Branch>
  </Line>
  <Line>
    <P Name="ZOrder">5</P>
    <P Name="Src">32#out:1</P>
    <P Name="Dst">34#in:1</P>
  </Line>
  <Line>
    <P Name="ZOrder">6</P>
    <P Name="Src">34#out:1</P>
    <P Name="Dst">28#in:1</P>
  </Line>
</System>
