<?xml version="1.0" encoding="utf-8"?>
<System>
  <P Name="Location">[707, 184, 1920, 1076]</P>
  <P Name="Open">on</P>
  <P Name="ReportName">simulink-default.rpt</P>
  <P Name="SIDHighWatermark">112</P>
  <Block BlockType="SubSystem" Name="Capteur" SID="29">
    <PortCounts in="1" out="1"/>
    <P Name="Position">[500, 544, 600, 586]</P>
    <P Name="ZOrder">14</P>
    <P Name="BlockMirror">on</P>
    <P Name="ContentPreviewEnabled">on</P>
    <System Ref="system_29"/>
  </Block>
  <Block BlockType="Scope" Name="Controle" SID="87">
    <PortCounts in="1"/>
    <P Name="Position">[700, 614, 730, 646]</P>
    <P Name="ZOrder">20</P>
    <P Name="ScopeSpecificationString">Simulink.scopes.TimeScopeBlockCfg(&apos;CurrentConfiguration&apos;, extmgr.ConfigurationSet(extmgr.Configuration(&apos;Core&apos;,&apos;General UI&apos;,true),extmgr.Configuration(&apos;Core&apos;,&apos;Source UI&apos;,true),extmgr.Configuration(&apos;Sources&apos;,&apos;WiredSimulink&apos;,true),extmgr.Configuration(&apos;Visuals&apos;,&apos;Time Domain&apos;,true,&apos;SerializedDisplays&apos;,{struct(&apos;MinYLimReal&apos;,&apos;-3.38168&apos;,&apos;MaxYLimReal&apos;,&apos;5.61173&apos;,&apos;YLabelReal&apos;,&apos;&apos;,&apos;MinYLimMag&apos;,&apos;0.00000&apos;,&apos;MaxYLimMag&apos;,&apos;5.61173&apos;,&apos;LegendVisibility&apos;,&apos;off&apos;,&apos;XGrid&apos;,true,&apos;YGrid&apos;,true,&apos;PlotMagPhase&apos;,false,&apos;AxesColor&apos;,[0 0 0],&apos;AxesTickColor&apos;,[0.686274509803922 0.686274509803922 0.686274509803922],&apos;ColorOrder&apos;,[1 1 0.0666666666666667;0.0745098039215686 0.623529411764706 1;1 0.411764705882353 0.16078431372549;0.392156862745098 0.831372549019608 0.0745098039215686;0.717647058823529 0.274509803921569 1;0.0588235294117647 1 1;1 0.0745098039215686 0.650980392156863],&apos;Title&apos;,&apos;%&lt;SignalLabel&gt;&apos;,&apos;LinePropertiesCache&apos;,{{}},&apos;UserDefinedChannelNames&apos;,{{}},&apos;NumLines&apos;,1,&apos;LineNames&apos;,{{&apos;Controleur&apos;}},&apos;ShowContent&apos;,true,&apos;Placement&apos;,1)},&apos;DisplayPropertyDefaults&apos;,struct(&apos;MinYLimReal&apos;,&apos;-3.38168&apos;,&apos;MaxYLimReal&apos;,&apos;5.61173&apos;,&apos;YLabelReal&apos;,&apos;&apos;,&apos;MinYLimMag&apos;,&apos;0.00000&apos;,&apos;MaxYLimMag&apos;,&apos;5.61173&apos;,&apos;LegendVisibility&apos;,&apos;off&apos;,&apos;XGrid&apos;,true,&apos;YGrid&apos;,true,&apos;PlotMagPhase&apos;,false,&apos;AxesColor&apos;,[0 0 0],&apos;AxesTickColor&apos;,[0.686274509803922 0.686274509803922 0.686274509803922],&apos;ColorOrder&apos;,[0.0745098039215686 0.623529411764706 1;1 0.411764705882353 0.16078431372549;1 1 0.0666666666666667;0.717647058823529 0.274509803921569 1;0.392156862745098 0.831372549019608 0.0745098039215686;0.0588235294117647 1 1;1 0.0745098039215686 0.650980392156863])),extmgr.Configuration(&apos;Tools&apos;,&apos;Plot Navigation&apos;,true),extmgr.Configuration(&apos;Tools&apos;,&apos;Measurements&apos;,true,&apos;Version&apos;,&apos;2022b&apos;)),&apos;Version&apos;,&apos;2022b&apos;,&apos;WindowStyle&apos;,&apos;undocked&apos;)</P>
    <P Name="NumInputPorts">1</P>
    <P Name="Floating">off</P>
  </Block>
  <Block BlockType="SubSystem" Name="Controleur1" SID="105">
    <PortCounts in="1" out="1"/>
    <P Name="Position">[130, 544, 230, 586]</P>
    <P Name="ZOrder">23</P>
    <P Name="BlockMirror">on</P>
    <P Name="ContentPreviewEnabled">on</P>
    <System Ref="system_105"/>
  </Block>
  <Block BlockType="Scope" Name="Etats" SID="86">
    <PortCounts in="1"/>
    <P Name="Position">[700, 469, 730, 501]</P>
    <P Name="ZOrder">19</P>
    <P Name="ScopeSpecificationString">Simulink.scopes.TimeScopeBlockCfg(&apos;CurrentConfiguration&apos;, extmgr.ConfigurationSet(extmgr.Configuration(&apos;Core&apos;,&apos;General UI&apos;,true),extmgr.Configuration(&apos;Core&apos;,&apos;Source UI&apos;,true),extmgr.Configuration(&apos;Sources&apos;,&apos;WiredSimulink&apos;,true,&apos;DataLoggingVariableName&apos;,&apos;ScopeData1&apos;),extmgr.Configuration(&apos;Visuals&apos;,&apos;Time Domain&apos;,true,&apos;SerializedDisplays&apos;,{struct(&apos;MinYLimReal&apos;,&apos;-1.00000&apos;,&apos;MaxYLimReal&apos;,&apos;1.00000&apos;,&apos;YLabelReal&apos;,&apos;&apos;,&apos;MinYLimMag&apos;,&apos;0.00000&apos;,&apos;MaxYLimMag&apos;,&apos;1.00000&apos;,&apos;LegendVisibility&apos;,&apos;off&apos;,&apos;XGrid&apos;,true,&apos;YGrid&apos;,true,&apos;PlotMagPhase&apos;,false,&apos;AxesColor&apos;,[0 0 0],&apos;AxesTickColor&apos;,[0.686274509803922 0.686274509803922 0.686274509803922],&apos;ColorOrder&apos;,[1 1 0.0666666666666667;0.0745098039215686 0.623529411764706 1;1 0.411764705882353 0.16078431372549;0.392156862745098 0.831372549019608 0.0745098039215686;0.717647058823529 0.274509803921569 1;0.0588235294117647 1 1;1 0.0745098039215686 0.650980392156863],&apos;Title&apos;,&apos;%&lt;SignalLabel&gt;&apos;,&apos;LinePropertiesCache&apos;,{{struct(&apos;Marker&apos;,&apos;o&apos;,&apos;MarkerSize&apos;,8),struct(&apos;Marker&apos;,&apos;o&apos;,&apos;MarkerSize&apos;,8)}},&apos;UserDefinedChannelNames&apos;,{{}},&apos;NumLines&apos;,0,&apos;LineNames&apos;,{{[]}},&apos;ShowContent&apos;,true,&apos;Placement&apos;,1)},&apos;DisplayPropertyDefaults&apos;,struct(&apos;MinYLimReal&apos;,&apos;-1.00000&apos;,&apos;MaxYLimReal&apos;,&apos;1.00000&apos;,&apos;YLabelReal&apos;,&apos;&apos;,&apos;MinYLimMag&apos;,&apos;0.00000&apos;,&apos;MaxYLimMag&apos;,&apos;1.00000&apos;,&apos;LegendVisibility&apos;,&apos;off&apos;,&apos;XGrid&apos;,true,&apos;YGrid&apos;,true,&apos;PlotMagPhase&apos;,false,&apos;AxesColor&apos;,[0 0 0],&apos;AxesTickColor&apos;,[0.686274509803922 0.686274509803922 0.686274509803922],&apos;ColorOrder&apos;,[0.0745098039215686 0.623529411764706 1;1 0.411764705882353 0.16078431372549;1 1 0.0666666666666667;0.717647058823529 0.274509803921569 1;0.392156862745098 0.831372549019608 0.0745098039215686;0.0588235294117647 1 1;1 0.0745098039215686 0.650980392156863])),extmgr.Configuration(&apos;Tools&apos;,&apos;Plot Navigation&apos;,true,&apos;PreviousAutoscale&apos;,&apos;XY&apos;),extmgr.Configuration(&apos;Tools&apos;,&apos;Measurements&apos;,true,&apos;Version&apos;,&apos;2023a&apos;)),&apos;Version&apos;,&apos;2023a&apos;)</P>
    <P Name="NumInputPorts">1</P>
    <P Name="Floating">off</P>
  </Block>
  <Block BlockType="SubSystem" Name="Prédicteur" SID="26">
    <PortCounts in="1" out="1"/>
    <P Name="Position">[315, 544, 415, 586]</P>
    <P Name="ZOrder">13</P>
    <P Name="BlockMirror">on</P>
    <P Name="ContentPreviewEnabled">on</P>
    <System Ref="system_26"/>
  </Block>
  <Block BlockType="Scope" Name="Scope" SID="88">
    <PortCounts in="1"/>
    <P Name="Position">[700, 409, 730, 441]</P>
    <P Name="ZOrder">21</P>
    <P Name="ScopeSpecificationString">Simulink.scopes.TimeScopeBlockCfg(&apos;CurrentConfiguration&apos;, extmgr.ConfigurationSet(extmgr.Configuration(&apos;Core&apos;,&apos;General UI&apos;,true),extmgr.Configuration(&apos;Core&apos;,&apos;Source UI&apos;,true),extmgr.Configuration(&apos;Sources&apos;,&apos;WiredSimulink&apos;,true,&apos;DataLoggingVariableName&apos;,&apos;ScopeData1&apos;),extmgr.Configuration(&apos;Visuals&apos;,&apos;Time Domain&apos;,true,&apos;SerializedDisplays&apos;,{struct(&apos;MinYLimReal&apos;,&apos;-1.00000&apos;,&apos;MaxYLimReal&apos;,&apos;1.00000&apos;,&apos;YLabelReal&apos;,&apos;&apos;,&apos;MinYLimMag&apos;,&apos;0.00000&apos;,&apos;MaxYLimMag&apos;,&apos;1.00000&apos;,&apos;LegendVisibility&apos;,&apos;off&apos;,&apos;XGrid&apos;,true,&apos;YGrid&apos;,true,&apos;PlotMagPhase&apos;,false,&apos;AxesColor&apos;,[0 0 0],&apos;AxesTickColor&apos;,[0.686274509803922 0.686274509803922 0.686274509803922],&apos;ColorOrder&apos;,[1 1 0.0666666666666667;0.0745098039215686 0.623529411764706 1;1 0.411764705882353 0.16078431372549;0.392156862745098 0.831372549019608 0.0745098039215686;0.717647058823529 0.274509803921569 1;0.0588235294117647 1 1;1 0.0745098039215686 0.650980392156863],&apos;Title&apos;,&apos;%&lt;SignalLabel&gt;&apos;,&apos;LinePropertiesCache&apos;,{{struct(&apos;Marker&apos;,&apos;o&apos;,&apos;MarkerSize&apos;,8),struct(&apos;Marker&apos;,&apos;o&apos;,&apos;MarkerSize&apos;,8)}},&apos;UserDefinedChannelNames&apos;,{{}},&apos;NumLines&apos;,2,&apos;LineNames&apos;,{{&apos;Système:1&apos;,&apos;Système:2&apos;}},&apos;ShowContent&apos;,true,&apos;Placement&apos;,1)},&apos;DisplayPropertyDefaults&apos;,struct(&apos;MinYLimReal&apos;,&apos;-1.00000&apos;,&apos;MaxYLimReal&apos;,&apos;1.00000&apos;,&apos;YLabelReal&apos;,&apos;&apos;,&apos;MinYLimMag&apos;,&apos;0.00000&apos;,&apos;MaxYLimMag&apos;,&apos;1.00000&apos;,&apos;LegendVisibility&apos;,&apos;off&apos;,&apos;XGrid&apos;,true,&apos;YGrid&apos;,true,&apos;PlotMagPhase&apos;,false,&apos;AxesColor&apos;,[0 0 0],&apos;AxesTickColor&apos;,[0.686274509803922 0.686274509803922 0.686274509803922],&apos;ColorOrder&apos;,[0.0745098039215686 0.623529411764706 1;1 0.411764705882353 0.16078431372549;1 1 0.0666666666666667;0.717647058823529 0.274509803921569 1;0.392156862745098 0.831372549019608 0.0745098039215686;0.0588235294117647 1 1;1 0.0745098039215686 0.650980392156863])),extmgr.Configuration(&apos;Tools&apos;,&apos;Plot Navigation&apos;,true),extmgr.Configuration(&apos;Tools&apos;,&apos;Measurements&apos;,true,&apos;Measurements&apos;,struct(&apos;traceselector&apos;,struct(&apos;Line&apos;,1),&apos;bilevel&apos;,struct(&apos;StateLevelsSource&apos;,&apos;Auto&apos;,&apos;StateLevels&apos;,[0 2.3],&apos;PercentStateLevelTolerance&apos;,2,&apos;PercentReferenceLevels&apos;,[10 50 90],&apos;SettlingSeekDuration&apos;,0.02,&apos;SettingsPanelOpen&apos;,0,&apos;TransitionsPanelOpen&apos;,1,&apos;AberrationsPanelOpen&apos;,0,&apos;CyclesPanelOpen&apos;,0)),&apos;Version&apos;,&apos;2023a&apos;)),&apos;Version&apos;,&apos;2023a&apos;,&apos;Position&apos;,[676 386 568 422],&apos;VisibleAtModelOpen&apos;,&apos;on&apos;)</P>
    <P Name="NumInputPorts">1</P>
    <P Name="Floating">off</P>
  </Block>
  <Block BlockType="SubSystem" Name="Système1" SID="92">
    <PortCounts in="1" out="1"/>
    <P Name="Position">[315, 464, 415, 506]</P>
    <P Name="ZOrder">22</P>
    <P Name="ContentPreviewEnabled">on</P>
    <System Ref="system_92"/>
  </Block>
  <Line>
    <P Name="ZOrder">102</P>
    <P Name="Src">92#out:1</P>
    <P Name="Points">[231, 0]</P>
    <Branch>
      <P Name="ZOrder">85</P>
      <P Name="Points">[18, 0]</P>
      <Branch>
        <P Name="ZOrder">93</P>
        <P Name="Points">[0, -60]</P>
        <P Name="Dst">88#in:1</P>
      </Branch>
      <Branch>
        <P Name="ZOrder">92</P>
        <P Name="Dst">86#in:1</P>
      </Branch>
    </Branch>
    <Branch>
      <P Name="ZOrder">24</P>
      <P Name="Points">[0, 80]</P>
      <P Name="Dst">29#in:1</P>
    </Branch>
  </Line>
  <Line>
    <P Name="ZOrder">104</P>
    <P Name="Src">105#out:1</P>
    <P Name="Points">[-59, 0]</P>
    <Branch>
      <P Name="ZOrder">101</P>
      <P Name="Points">[0, -80]</P>
      <P Name="Dst">92#in:1</P>
    </Branch>
    <Branch>
      <P Name="ZOrder">86</P>
      <P Name="Points">[0, 65]</P>
      <P Name="Dst">87#in:1</P>
    </Branch>
  </Line>
  <Line>
    <P Name="ZOrder">13</P>
    <P Name="Src">29#out:1</P>
    <P Name="Dst">26#in:1</P>
  </Line>
  <Line>
    <P Name="ZOrder">103</P>
    <P Name="Src">26#out:1</P>
    <P Name="Dst">105#in:1</P>
  </Line>
</System>
