<?xml version="1.0" encoding="utf-8"?>
<System>
  <P Name="Location">[86, 38, 1299, 930]</P>
  <P Name="ZoomFactor">385</P>
  <Block BlockType="Inport" Name="x" SID="30">
    <P Name="Position">[110, 103, 140, 117]</P>
    <P Name="ZOrder">-1</P>
  </Block>
  <Block BlockType="Demux" Name="Demux" SID="33">
    <PortCounts in="1" out="2"/>
    <P Name="Position">[200, 91, 205, 129]</P>
    <P Name="ZOrder">1</P>
    <P Name="Outputs">2</P>
  </Block>
  <Block BlockType="Terminator" Name="Terminator" SID="35">
    <P Name="Position">[285, 90, 305, 110]</P>
    <P Name="ZOrder">2</P>
  </Block>
  <Block BlockType="Outport" Name="y" SID="31">
    <P Name="Position">[360, 113, 390, 127]</P>
    <P Name="ZOrder">-2</P>
  </Block>
  <Line>
    <P Name="ZOrder">2</P>
    <P Name="Src">30#out:1</P>
    <P Name="Dst">33#in:1</P>
  </Line>
  <Line>
    <P Name="ZOrder">3</P>
    <P Name="Src">33#out:2</P>
    <P Name="Dst">31#in:1</P>
  </Line>
  <Line>
    <P Name="ZOrder">4</P>
    <P Name="Src">33#out:1</P>
    <P Name="Dst">35#in:1</P>
  </Line>
</System>
