<?xml version="1.0" encoding="utf-8"?>
<System>
  <P Name="Location">[707, 184, 1920, 1076]</P>
  <P Name="ZoomFactor">76</P>
  <Block BlockType="Inport" Name="u" SID="93">
    <P Name="Position">[-550, 308, -520, 322]</P>
    <P Name="ZOrder">-1</P>
  </Block>
  <Block BlockType="Sum" Name="Add" SID="94">
    <PortCounts in="2" out="1"/>
    <P Name="Position">[330, 302, 350, 458]</P>
    <P Name="ZOrder">308</P>
    <P Name="IconShape">rectangular</P>
    <P Name="Inputs">-+</P>
  </Block>
  <Block BlockType="Trigonometry" Name="Cos" SID="95">
    <PortCounts in="1" out="1"/>
    <P Name="Position">[-45, 350, -15, 380]</P>
    <P Name="ZOrder">304</P>
    <P Name="Operator">cos</P>
  </Block>
  <Block BlockType="Constant" Name="Costant" SID="96">
    <P Name="Position">[-550, 420, -520, 450]</P>
    <P Name="ZOrder">293</P>
    <P Name="Value">x0</P>
  </Block>
  <Block BlockType="Demux" Name="Demux" SID="97">
    <PortCounts in="1" out="2"/>
    <P Name="Position">[-240, 411, -235, 449]</P>
    <P Name="ZOrder">303</P>
    <P Name="Outputs">2</P>
  </Block>
  <Block BlockType="Gain" Name="Gain" SID="98">
    <P Name="Position">[210, 325, 240, 355]</P>
    <P Name="ZOrder">306</P>
    <P Name="Gain">1/l</P>
  </Block>
  <Block BlockType="Gain" Name="Gain1" SID="99">
    <P Name="Position">[210, 405, 240, 435]</P>
    <P Name="ZOrder">309</P>
    <P Name="Gain">g/l</P>
  </Block>
  <Block BlockType="Integrator" Name="Integrator1" SID="100">
    <PortCounts in="2" out="1"/>
    <P Name="Position">[-320, 412, -290, 443]</P>
    <P Name="ZOrder">294</P>
    <P Name="InitialConditionSource">external</P>
  </Block>
  <Block BlockType="Mux" Name="Mux" SID="101">
    <PortCounts in="2" out="1"/>
    <P Name="Position">[480, 351, 485, 389]</P>
    <P Name="ZOrder">311</P>
    <P Name="Inputs">2</P>
    <P Name="DisplayOption">bar</P>
  </Block>
  <Block BlockType="Product" Name="Product" SID="102">
    <PortCounts in="2" out="1"/>
    <P Name="Position">[55, 292, 75, 388]</P>
    <P Name="ZOrder">307</P>
  </Block>
  <Block BlockType="Trigonometry" Name="Sin" SID="103">
    <PortCounts in="1" out="1"/>
    <P Name="Position">[-45, 405, -15, 435]</P>
    <P Name="ZOrder">305</P>
  </Block>
  <Block BlockType="Outport" Name="etat" SID="104">
    <P Name="Position">[545, 548, 575, 562]</P>
    <P Name="ZOrder">312</P>
  </Block>
  <Line>
    <P Name="ZOrder">1</P>
    <P Name="Src">96#out:1</P>
    <P Name="Dst">100#in:2</P>
  </Line>
  <Line>
    <P Name="ZOrder">2</P>
    <P Name="Src">100#out:1</P>
    <P Name="Points">[18, 0]</P>
    <Branch>
      <P Name="ZOrder">3</P>
      <P Name="Points">[0, 125]</P>
      <P Name="Dst">104#in:1</P>
    </Branch>
    <Branch>
      <P Name="ZOrder">4</P>
      <P Name="Dst">97#in:1</P>
    </Branch>
  </Line>
  <Line>
    <P Name="ZOrder">5</P>
    <P Name="Src">97#out:1</P>
    <P Name="Points">[112, 0]</P>
    <Branch>
      <P Name="ZOrder">6</P>
      <P Name="Dst">103#in:1</P>
    </Branch>
    <Branch>
      <P Name="ZOrder">7</P>
      <P Name="Points">[0, -55]</P>
      <P Name="Dst">95#in:1</P>
    </Branch>
  </Line>
  <Line>
    <P Name="ZOrder">8</P>
    <P Name="Src">95#out:1</P>
    <P Name="Dst">102#in:2</P>
  </Line>
  <Line>
    <P Name="ZOrder">9</P>
    <P Name="Src">93#out:1</P>
    <P Name="Dst">102#in:1</P>
  </Line>
  <Line>
    <P Name="ZOrder">10</P>
    <P Name="Src">102#out:1</P>
    <P Name="Dst">98#in:1</P>
  </Line>
  <Line>
    <P Name="ZOrder">11</P>
    <P Name="Src">98#out:1</P>
    <P Name="Dst">94#in:1</P>
  </Line>
  <Line>
    <P Name="ZOrder">12</P>
    <P Name="Src">103#out:1</P>
    <P Name="Dst">99#in:1</P>
  </Line>
  <Line>
    <P Name="ZOrder">13</P>
    <P Name="Src">99#out:1</P>
    <P Name="Dst">94#in:2</P>
  </Line>
  <Line>
    <P Name="ZOrder">14</P>
    <P Name="Src">94#out:1</P>
    <P Name="Dst">101#in:2</P>
  </Line>
  <Line>
    <P Name="ZOrder">15</P>
    <P Name="Src">97#out:2</P>
    <P Name="Points">[278, 0; 0, 42; 367, 0; 0, -122]</P>
    <P Name="Dst">101#in:1</P>
  </Line>
  <Line>
    <P Name="ZOrder">16</P>
    <P Name="Src">101#out:1</P>
    <P Name="Points">[15, 0; 0, -131; -856, 0; 0, 181]</P>
    <P Name="Dst">100#in:1</P>
  </Line>
</System>
